CREATE TABLE IF NOT EXISTS "__EFMigrationsHistory" (
    "MigrationId" character varying(150) NOT NULL,
    "ProductVersion" character varying(32) NOT NULL,
    CONSTRAINT "PK___EFMigrationsHistory" PRIMARY KEY ("MigrationId")
);

START TRANSACTION;

CREATE TABLE public.identity_role (
    "Id" uuid NOT NULL,
    "Name" character varying(256),
    "NormalizedName" character varying(256),
    "ConcurrencyStamp" text,
    CONSTRAINT "PK_identity_role" PRIMARY KEY ("Id")
);

CREATE TABLE public."user" (
    id uuid NOT NULL,
    name character varying(50) NOT NULL,
    cpf character varying(11) NOT NULL,
    cnpj character varying(14),
    type integer NOT NULL,
    created_at timestamp with time zone NOT NULL,
    updated_at timestamp with time zone,
    deleted_at timestamp with time zone,
    active boolean NOT NULL,
    user_name character varying(100),
    normalized_user_name character varying(256),
    email character varying(100) NOT NULL,
    normalized_email character varying(256),
    email_confirmed boolean NOT NULL,
    password_hash text,
    security_stamp text,
    concurrency_stamp text,
    phone_number character varying(20) NOT NULL,
    phone_number_confirmed boolean NOT NULL,
    two_factor_enabled boolean NOT NULL,
    lockout_end timestamp with time zone,
    lockout_enabled boolean NOT NULL,
    access_failed_count integer NOT NULL,
    CONSTRAINT "PK_user" PRIMARY KEY (id)
);

CREATE TABLE public.identity_role_claim (
    "Id" integer GENERATED BY DEFAULT AS IDENTITY,
    "RoleId" uuid NOT NULL,
    "ClaimType" text,
    "ClaimValue" text,
    CONSTRAINT "PK_identity_role_claim" PRIMARY KEY ("Id"),
    CONSTRAINT "FK_identity_role_claim_identity_role_RoleId" FOREIGN KEY ("RoleId") REFERENCES public.identity_role ("Id")
);

CREATE TABLE public.addresses (
    id uuid NOT NULL,
    "SourceId" uuid,
    source_type integer,
    name character varying(100),
    street character varying(200) NOT NULL,
    neighborhood character varying(100) NOT NULL,
    number character varying(10) NOT NULL,
    city character varying(100) NOT NULL,
    state character varying(50) NOT NULL,
    zip_code character varying(10) NOT NULL,
    complement character varying(100),
    type character varying(50),
    location character varying(50) NOT NULL,
    created_at timestamp with time zone NOT NULL,
    updated_at timestamp with time zone,
    CONSTRAINT "PK_addresses" PRIMARY KEY (id),
    CONSTRAINT "FK_addresses_user_SourceId" FOREIGN KEY ("SourceId") REFERENCES public."user" (id)
);

CREATE TABLE public.identity_user_claim (
    "Id" integer GENERATED BY DEFAULT AS IDENTITY,
    "UserId" uuid NOT NULL,
    "ClaimType" text,
    "ClaimValue" text,
    CONSTRAINT "PK_identity_user_claim" PRIMARY KEY ("Id"),
    CONSTRAINT "FK_identity_user_claim_user_UserId" FOREIGN KEY ("UserId") REFERENCES public."user" (id)
);

CREATE TABLE public.identity_user_login (
    "LoginProvider" character varying(128) NOT NULL,
    "ProviderKey" character varying(128) NOT NULL,
    "ProviderDisplayName" text,
    "UserId" uuid NOT NULL,
    CONSTRAINT "PK_identity_user_login" PRIMARY KEY ("LoginProvider", "ProviderKey"),
    CONSTRAINT "FK_identity_user_login_user_UserId" FOREIGN KEY ("UserId") REFERENCES public."user" (id)
);

CREATE TABLE public.identity_user_role (
    "UserId" uuid NOT NULL,
    "RoleId" uuid NOT NULL,
    CONSTRAINT "PK_identity_user_role" PRIMARY KEY ("UserId", "RoleId"),
    CONSTRAINT "FK_identity_user_role_identity_role_RoleId" FOREIGN KEY ("RoleId") REFERENCES public.identity_role ("Id"),
    CONSTRAINT "FK_identity_user_role_user_UserId" FOREIGN KEY ("UserId") REFERENCES public."user" (id)
);

CREATE TABLE public.identity_user_token (
    "UserId" uuid NOT NULL,
    "LoginProvider" character varying(128) NOT NULL,
    "Name" character varying(128) NOT NULL,
    "Value" text,
    CONSTRAINT "PK_identity_user_token" PRIMARY KEY ("UserId", "LoginProvider", "Name"),
    CONSTRAINT "FK_identity_user_token_user_UserId" FOREIGN KEY ("UserId") REFERENCES public."user" (id)
);

CREATE TABLE public.manager (
    id uuid NOT NULL,
    user_id uuid NOT NULL,
    type integer NOT NULL,
    corporate_name character varying(100),
    CONSTRAINT "PK_manager" PRIMARY KEY (id),
    CONSTRAINT "FK_manager_user_user_id" FOREIGN KEY (user_id) REFERENCES public."user" (id)
);

CREATE INDEX "IX_addresses_SourceId" ON public.addresses ("SourceId");

CREATE UNIQUE INDEX "RoleNameIndex" ON public.identity_role ("NormalizedName");

CREATE INDEX "IX_identity_role_claim_RoleId" ON public.identity_role_claim ("RoleId");

CREATE INDEX "IX_identity_user_claim_UserId" ON public.identity_user_claim ("UserId");

CREATE INDEX "IX_identity_user_login_UserId" ON public.identity_user_login ("UserId");

CREATE INDEX "IX_identity_user_role_RoleId" ON public.identity_user_role ("RoleId");

CREATE UNIQUE INDEX "IX_manager_user_id" ON public.manager (user_id);

CREATE INDEX "EmailIndex" ON public."user" (normalized_email);

CREATE UNIQUE INDEX "UserNameIndex" ON public."user" (normalized_user_name);

INSERT INTO "__EFMigrationsHistory" ("MigrationId", "ProductVersion")
VALUES ('20250426185416_Initial', '8.0.15');

COMMIT;

START TRANSACTION;


INSERT INTO public.identity_role ("Id", "Name", "NormalizedName", "ConcurrencyStamp")
VALUES ('527a61cd-45be-4784-84e5-892ef13de3f3', 'Admin', 'ADMIN', null);

INSERT INTO public.identity_role ("Id", "Name", "NormalizedName", "ConcurrencyStamp")
VALUES ('710483d0-680c-4273-99d6-3c0be1940df8', 'Patient', 'PATIENT', null);

INSERT INTO public.identity_role ("Id", "Name", "NormalizedName", "ConcurrencyStamp")
VALUES ('4fa64c52-e389-4bbc-be5f-8565081eb393', 'Employee', 'EMPLOYEE', null);

INSERT INTO "__EFMigrationsHistory" ("MigrationId", "ProductVersion")
VALUES ('20250426185917_InsertRoles', '8.0.15');

COMMIT;

START TRANSACTION;

CREATE TABLE public.service_type (
    id uuid NOT NULL,
    name character varying(100) NOT NULL,
    description character varying(500),
    active boolean NOT NULL,
    created_at timestamp with time zone NOT NULL,
    updated_at timestamp with time zone,
    CONSTRAINT "PK_service_type" PRIMARY KEY (id)
);

INSERT INTO "__EFMigrationsHistory" ("MigrationId", "ProductVersion")
VALUES ('20250426190711_AddServiceType', '8.0.15');

COMMIT;

START TRANSACTION;

UPDATE public."user" SET cnpj = '' WHERE cnpj IS NULL;
ALTER TABLE public."user" ALTER COLUMN cnpj SET NOT NULL;
ALTER TABLE public."user" ALTER COLUMN cnpj SET DEFAULT '';

CREATE TABLE public.office (
    id uuid NOT NULL,
    owner_id uuid NOT NULL,
    name character varying(100) NOT NULL,
    cnpj character varying(14) NOT NULL DEFAULT '',
    phone character varying(15) NOT NULL DEFAULT '',
    whatsapp character varying(15) NOT NULL DEFAULT '',
    email character varying(100) NOT NULL DEFAULT '',
    site character varying(100) NOT NULL DEFAULT '',
    instagram character varying(100) NOT NULL DEFAULT '',
    logo character varying(100) NOT NULL DEFAULT '',
    CONSTRAINT "PK_office" PRIMARY KEY (id),
    CONSTRAINT "FK_office_manager_owner_id" FOREIGN KEY (owner_id) REFERENCES public.manager (id)
);

CREATE INDEX "IX_office_owner_id" ON public.office (owner_id);

INSERT INTO "__EFMigrationsHistory" ("MigrationId", "ProductVersion")
VALUES ('20250428115210_CreateTableOfficeAndUpdateUserCnpj', '8.0.15');

COMMIT;

START TRANSACTION;

CREATE TABLE public.faq (
    id uuid NOT NULL,
    "SourceId" uuid NOT NULL,
    source_type integer NOT NULL,
    question character varying(200) NOT NULL,
    answer character varying(1000) NOT NULL,
    faq_category integer NOT NULL,
    created_at timestamp with time zone NOT NULL,
    updated_at timestamp with time zone,
    deleted_at timestamp with time zone,
    CONSTRAINT "PK_faq" PRIMARY KEY (id),
    CONSTRAINT "FK_faq_user_SourceId" FOREIGN KEY ("SourceId") REFERENCES public."user" (id)
);

CREATE INDEX "IX_faq_SourceId" ON public.faq ("SourceId");

INSERT INTO "__EFMigrationsHistory" ("MigrationId", "ProductVersion")
VALUES ('20250428123702_CreateFaq', '8.0.15');

COMMIT;

START TRANSACTION;

CREATE TABLE public.professions (
    "Id" uuid NOT NULL,
    name character varying(100) NOT NULL,
    active boolean NOT NULL,
    created_at timestamp with time zone NOT NULL,
    updated_at timestamp with time zone,
    CONSTRAINT "PK_professions" PRIMARY KEY ("Id")
);

CREATE TABLE public.specialties (
    "Id" uuid NOT NULL,
    name character varying(100) NOT NULL,
    active boolean NOT NULL,
    created_at timestamp with time zone NOT NULL,
    updated_at timestamp with time zone,
    profession_id uuid NOT NULL,
    CONSTRAINT "PK_specialties" PRIMARY KEY ("Id"),
    CONSTRAINT "FK_specialties_professions_profession_id" FOREIGN KEY (profession_id) REFERENCES public.professions ("Id")
);

CREATE TABLE public.sub_specialties (
    "Id" uuid NOT NULL,
    name character varying(100) NOT NULL,
    active boolean NOT NULL,
    created_at timestamp with time zone NOT NULL,
    updated_at timestamp with time zone,
    specialty_id uuid NOT NULL,
    CONSTRAINT "PK_sub_specialties" PRIMARY KEY ("Id"),
    CONSTRAINT "FK_sub_specialties_specialties_specialty_id" FOREIGN KEY (specialty_id) REFERENCES public.specialties ("Id")
);

CREATE INDEX "IX_specialties_profession_id" ON public.specialties (profession_id);

CREATE INDEX "IX_sub_specialties_specialty_id" ON public.sub_specialties (specialty_id);

INSERT INTO "__EFMigrationsHistory" ("MigrationId", "ProductVersion")
VALUES ('20250429125629_AddProfessions', '8.0.15');

COMMIT;

START TRANSACTION;

INSERT INTO public.professions ("Id", name, active, created_at)
VALUES ('a7d88bb0-a673-40cc-a987-1ff69057e11d', 'Médico', TRUE, TIMESTAMPTZ '2025-05-01T13:25:30.191938Z');

INSERT INTO public.specialties ("Id", name, active, created_at, profession_id)
VALUES ('15295ffd-dd8a-4132-b39e-ae5c47274a56', 'Clínico Geral', TRUE, TIMESTAMPTZ '2025-05-01T13:25:30.192841Z', 'a7d88bb0-a673-40cc-a987-1ff69057e11d');

INSERT INTO public.sub_specialties ("Id", name, active, created_at, specialty_id)
VALUES ('fc1ca3b8-5ce3-4d10-8c5e-3cd36ec8e9db', 'Medicina Preventiva', TRUE, TIMESTAMPTZ '2025-05-01T13:25:30.192843Z', '15295ffd-dd8a-4132-b39e-ae5c47274a56');

INSERT INTO public.sub_specialties ("Id", name, active, created_at, specialty_id)
VALUES ('dce3a423-9fa1-49d7-a4bd-823ca13a9b85', 'Medicina Ambulatorial', TRUE, TIMESTAMPTZ '2025-05-01T13:25:30.192844Z', '15295ffd-dd8a-4132-b39e-ae5c47274a56');

INSERT INTO public.specialties ("Id", name, active, created_at, profession_id)
VALUES ('417765f1-22dc-4dde-941f-76b29229625a', 'Médico da Família', TRUE, TIMESTAMPTZ '2025-05-01T13:25:30.192844Z', 'a7d88bb0-a673-40cc-a987-1ff69057e11d');

INSERT INTO public.sub_specialties ("Id", name, active, created_at, specialty_id)
VALUES ('0325ab00-0802-48e9-b388-d67cbdc974cd', 'Saúde da Família', TRUE, TIMESTAMPTZ '2025-05-01T13:25:30.192845Z', '417765f1-22dc-4dde-941f-76b29229625a');

INSERT INTO public.sub_specialties ("Id", name, active, created_at, specialty_id)
VALUES ('694d74b2-59e1-48d3-bfaa-bb0147ffcbc2', 'Atenção Primária', TRUE, TIMESTAMPTZ '2025-05-01T13:25:30.192845Z', '417765f1-22dc-4dde-941f-76b29229625a');

INSERT INTO public.specialties ("Id", name, active, created_at, profession_id)
VALUES ('585f6f49-195e-40be-a3cf-d28dbc0a7ee7', 'Pediatra', TRUE, TIMESTAMPTZ '2025-05-01T13:25:30.192846Z', 'a7d88bb0-a673-40cc-a987-1ff69057e11d');

INSERT INTO public.sub_specialties ("Id", name, active, created_at, specialty_id)
VALUES ('3f1eaff0-e088-46de-9d90-190b13fdcf26', 'Neonatologia', TRUE, TIMESTAMPTZ '2025-05-01T13:25:30.192847Z', '585f6f49-195e-40be-a3cf-d28dbc0a7ee7');

INSERT INTO public.sub_specialties ("Id", name, active, created_at, specialty_id)
VALUES ('735f3f95-2b7a-48fc-bb6c-b4d685b34da2', 'Alergia Pediátrica', TRUE, TIMESTAMPTZ '2025-05-01T13:25:30.192847Z', '585f6f49-195e-40be-a3cf-d28dbc0a7ee7');

INSERT INTO public.sub_specialties ("Id", name, active, created_at, specialty_id)
VALUES ('ff1f0857-5364-47ae-959c-791b3a3b8fc3', 'Endocrinopediatria', TRUE, TIMESTAMPTZ '2025-05-01T13:25:30.192848Z', '585f6f49-195e-40be-a3cf-d28dbc0a7ee7');

INSERT INTO public.specialties ("Id", name, active, created_at, profession_id)
VALUES ('7cfb3b12-f7c5-4e33-805c-a01351c33026', 'Cardiologista', TRUE, TIMESTAMPTZ '2025-05-01T13:25:30.192848Z', 'a7d88bb0-a673-40cc-a987-1ff69057e11d');

INSERT INTO public.sub_specialties ("Id", name, active, created_at, specialty_id)
VALUES ('6207650c-e21f-4d47-a99d-2d8a829570eb', 'Eletrofisiologia', TRUE, TIMESTAMPTZ '2025-05-01T13:25:30.192848Z', '7cfb3b12-f7c5-4e33-805c-a01351c33026');

INSERT INTO public.sub_specialties ("Id", name, active, created_at, specialty_id)
VALUES ('c23a5414-4145-4904-8f71-2ae66f5c0096', 'Hemodinâmica', TRUE, TIMESTAMPTZ '2025-05-01T13:25:30.192849Z', '7cfb3b12-f7c5-4e33-805c-a01351c33026');

INSERT INTO public.sub_specialties ("Id", name, active, created_at, specialty_id)
VALUES ('a58fdc03-dbe9-4904-9938-629f819cb152', 'Insuficiência Cardíaca', TRUE, TIMESTAMPTZ '2025-05-01T13:25:30.192849Z', '7cfb3b12-f7c5-4e33-805c-a01351c33026');

INSERT INTO public.specialties ("Id", name, active, created_at, profession_id)
VALUES ('0b195df6-7823-4942-a451-fa1a71ff0994', 'Dermatologista', TRUE, TIMESTAMPTZ '2025-05-01T13:25:30.192849Z', 'a7d88bb0-a673-40cc-a987-1ff69057e11d');

INSERT INTO public.sub_specialties ("Id", name, active, created_at, specialty_id)
VALUES ('4cb20f79-cbec-4120-83b5-312f44eae495', 'Dermatologia Estética', TRUE, TIMESTAMPTZ '2025-05-01T13:25:30.19285Z', '0b195df6-7823-4942-a451-fa1a71ff0994');

INSERT INTO public.sub_specialties ("Id", name, active, created_at, specialty_id)
VALUES ('cd2b07de-d36d-4700-add1-fe04f61a5b6d', 'Dermatopatologia', TRUE, TIMESTAMPTZ '2025-05-01T13:25:30.192861Z', '0b195df6-7823-4942-a451-fa1a71ff0994');

INSERT INTO public.sub_specialties ("Id", name, active, created_at, specialty_id)
VALUES ('4cee348e-56d5-47b7-9732-2a6b3e3ec90c', 'Cirurgia Dermatológica', TRUE, TIMESTAMPTZ '2025-05-01T13:25:30.192862Z', '0b195df6-7823-4942-a451-fa1a71ff0994');

INSERT INTO public.specialties ("Id", name, active, created_at, profession_id)
VALUES ('d3a5fad0-0d93-49ba-bb42-3459fc8b520e', 'Endocrinologista', TRUE, TIMESTAMPTZ '2025-05-01T13:25:30.192863Z', 'a7d88bb0-a673-40cc-a987-1ff69057e11d');

INSERT INTO public.sub_specialties ("Id", name, active, created_at, specialty_id)
VALUES ('ce7c4298-eb58-4ec4-826d-ee6ee434b183', 'Endocrinopediatria', TRUE, TIMESTAMPTZ '2025-05-01T13:25:30.192863Z', 'd3a5fad0-0d93-49ba-bb42-3459fc8b520e');

INSERT INTO public.sub_specialties ("Id", name, active, created_at, specialty_id)
VALUES ('3ef65174-4d9e-4ed1-a5f7-9a0e546f3e53', 'Diabetes', TRUE, TIMESTAMPTZ '2025-05-01T13:25:30.192864Z', 'd3a5fad0-0d93-49ba-bb42-3459fc8b520e');

INSERT INTO public.sub_specialties ("Id", name, active, created_at, specialty_id)
VALUES ('bbc3b7fa-b61c-4b33-86f5-15a770ffc878', 'Obesidade', TRUE, TIMESTAMPTZ '2025-05-01T13:25:30.192864Z', 'd3a5fad0-0d93-49ba-bb42-3459fc8b520e');

INSERT INTO public.sub_specialties ("Id", name, active, created_at, specialty_id)
VALUES ('750f6d8c-691b-443c-9258-bf7b361bc614', 'Tireoide', TRUE, TIMESTAMPTZ '2025-05-01T13:25:30.192864Z', 'd3a5fad0-0d93-49ba-bb42-3459fc8b520e');

INSERT INTO public.specialties ("Id", name, active, created_at, profession_id)
VALUES ('6c63523c-05dc-4a53-8754-1d4db1bdec73', 'Neurologista', TRUE, TIMESTAMPTZ '2025-05-01T13:25:30.192865Z', 'a7d88bb0-a673-40cc-a987-1ff69057e11d');

INSERT INTO public.sub_specialties ("Id", name, active, created_at, specialty_id)
VALUES ('790b986b-e4c4-4bdd-ba05-110312801f13', 'Neurovascular', TRUE, TIMESTAMPTZ '2025-05-01T13:25:30.192865Z', '6c63523c-05dc-4a53-8754-1d4db1bdec73');

INSERT INTO public.sub_specialties ("Id", name, active, created_at, specialty_id)
VALUES ('66a771a2-186c-4511-aefe-b4c5e0893bc6', 'Epilepsia', TRUE, TIMESTAMPTZ '2025-05-01T13:25:30.192865Z', '6c63523c-05dc-4a53-8754-1d4db1bdec73');

INSERT INTO public.sub_specialties ("Id", name, active, created_at, specialty_id)
VALUES ('8bb9c91d-1129-4d84-9c93-45487d8c8dc5', 'Neuroimunologia', TRUE, TIMESTAMPTZ '2025-05-01T13:25:30.192866Z', '6c63523c-05dc-4a53-8754-1d4db1bdec73');

INSERT INTO public.sub_specialties ("Id", name, active, created_at, specialty_id)
VALUES ('f168f9f5-e76a-4714-831a-bf1903f87623', 'Neurologia Pediátrica', TRUE, TIMESTAMPTZ '2025-05-01T13:25:30.192866Z', '6c63523c-05dc-4a53-8754-1d4db1bdec73');

INSERT INTO public.specialties ("Id", name, active, created_at, profession_id)
VALUES ('ba4dad07-d4c6-44ca-b428-3a308bfa62b8', 'Ortopedista', TRUE, TIMESTAMPTZ '2025-05-01T13:25:30.192866Z', 'a7d88bb0-a673-40cc-a987-1ff69057e11d');

INSERT INTO public.sub_specialties ("Id", name, active, created_at, specialty_id)
VALUES ('8063651c-dee0-4fbd-94f4-0bffd3837c08', 'Ortopedia Pediátrica', TRUE, TIMESTAMPTZ '2025-05-01T13:25:30.192866Z', 'ba4dad07-d4c6-44ca-b428-3a308bfa62b8');

INSERT INTO public.sub_specialties ("Id", name, active, created_at, specialty_id)
VALUES ('78976bcf-e45a-44a2-8562-d9a7b4bbde92', 'Cirurgia da Coluna', TRUE, TIMESTAMPTZ '2025-05-01T13:25:30.192867Z', 'ba4dad07-d4c6-44ca-b428-3a308bfa62b8');

INSERT INTO public.sub_specialties ("Id", name, active, created_at, specialty_id)
VALUES ('9ac78cb0-4bb8-4d16-8d51-b74f2f801caf', 'Medicina Esportiva', TRUE, TIMESTAMPTZ '2025-05-01T13:25:30.192867Z', 'ba4dad07-d4c6-44ca-b428-3a308bfa62b8');

INSERT INTO public.specialties ("Id", name, active, created_at, profession_id)
VALUES ('7d7c2cb5-d382-4e91-9924-995095ae55bd', 'Ginecologista', TRUE, TIMESTAMPTZ '2025-05-01T13:25:30.192868Z', 'a7d88bb0-a673-40cc-a987-1ff69057e11d');

INSERT INTO public.sub_specialties ("Id", name, active, created_at, specialty_id)
VALUES ('fd9b11c4-2eee-495f-918b-f315353b6d38', 'Obstetrícia', TRUE, TIMESTAMPTZ '2025-05-01T13:25:30.192873Z', '7d7c2cb5-d382-4e91-9924-995095ae55bd');

INSERT INTO public.sub_specialties ("Id", name, active, created_at, specialty_id)
VALUES ('7ea9a26b-fba8-4ef1-b546-38890f8bcabb', 'Reprodução Humana', TRUE, TIMESTAMPTZ '2025-05-01T13:25:30.192873Z', '7d7c2cb5-d382-4e91-9924-995095ae55bd');

INSERT INTO public.sub_specialties ("Id", name, active, created_at, specialty_id)
VALUES ('a16d6274-8d26-4a10-977e-9a0f5db64042', 'Uroginecologia', TRUE, TIMESTAMPTZ '2025-05-01T13:25:30.192874Z', '7d7c2cb5-d382-4e91-9924-995095ae55bd');

INSERT INTO public.specialties ("Id", name, active, created_at, profession_id)
VALUES ('b159fc45-251c-4a70-a78a-fc3db4eb340f', 'Psiquiatra', TRUE, TIMESTAMPTZ '2025-05-01T13:25:30.192874Z', 'a7d88bb0-a673-40cc-a987-1ff69057e11d');

INSERT INTO public.sub_specialties ("Id", name, active, created_at, specialty_id)
VALUES ('b69ea49a-2445-41e8-8135-9df5dcd18816', 'Psiquiatria Infantil', TRUE, TIMESTAMPTZ '2025-05-01T13:25:30.192874Z', 'b159fc45-251c-4a70-a78a-fc3db4eb340f');

INSERT INTO public.sub_specialties ("Id", name, active, created_at, specialty_id)
VALUES ('e22f2769-eb1c-407f-a8ea-9afa9c0784c3', 'Psicogeriatria', TRUE, TIMESTAMPTZ '2025-05-01T13:25:30.192875Z', 'b159fc45-251c-4a70-a78a-fc3db4eb340f');

INSERT INTO public.sub_specialties ("Id", name, active, created_at, specialty_id)
VALUES ('4614c286-0542-4fd9-beda-d605a18de61c', 'Dependência Química', TRUE, TIMESTAMPTZ '2025-05-01T13:25:30.192875Z', 'b159fc45-251c-4a70-a78a-fc3db4eb340f');

INSERT INTO public.specialties ("Id", name, active, created_at, profession_id)
VALUES ('aa736e28-df61-4b2d-bfbd-5b5d34aa56a4', 'Oftalmologista', TRUE, TIMESTAMPTZ '2025-05-01T13:25:30.192875Z', 'a7d88bb0-a673-40cc-a987-1ff69057e11d');

INSERT INTO public.sub_specialties ("Id", name, active, created_at, specialty_id)
VALUES ('56f4686d-628e-446a-b2de-bc1a513f8de7', 'Retina', TRUE, TIMESTAMPTZ '2025-05-01T13:25:30.192876Z', 'aa736e28-df61-4b2d-bfbd-5b5d34aa56a4');

INSERT INTO public.sub_specialties ("Id", name, active, created_at, specialty_id)
VALUES ('9f847e5e-e221-425e-8092-9c4ac874ad68', 'Glaucoma', TRUE, TIMESTAMPTZ '2025-05-01T13:25:30.192876Z', 'aa736e28-df61-4b2d-bfbd-5b5d34aa56a4');

INSERT INTO public.sub_specialties ("Id", name, active, created_at, specialty_id)
VALUES ('a0984b47-5784-4033-a94c-452c37cd77d4', 'Córnea', TRUE, TIMESTAMPTZ '2025-05-01T13:25:30.192876Z', 'aa736e28-df61-4b2d-bfbd-5b5d34aa56a4');

INSERT INTO public.sub_specialties ("Id", name, active, created_at, specialty_id)
VALUES ('c8e06d63-42d5-4fc1-9d43-59c8aebae3f4', 'Cirurgia Refrativa', TRUE, TIMESTAMPTZ '2025-05-01T13:25:30.192876Z', 'aa736e28-df61-4b2d-bfbd-5b5d34aa56a4');

INSERT INTO public.specialties ("Id", name, active, created_at, profession_id)
VALUES ('9e9e2a25-6838-4f66-a603-9df3a4d918fd', 'Otorrinolaringologista', TRUE, TIMESTAMPTZ '2025-05-01T13:25:30.192877Z', 'a7d88bb0-a673-40cc-a987-1ff69057e11d');

INSERT INTO public.sub_specialties ("Id", name, active, created_at, specialty_id)
VALUES ('8c68fa4f-e1ca-483c-86d1-941b3627c322', 'Otologia', TRUE, TIMESTAMPTZ '2025-05-01T13:25:30.192877Z', '9e9e2a25-6838-4f66-a603-9df3a4d918fd');

INSERT INTO public.sub_specialties ("Id", name, active, created_at, specialty_id)
VALUES ('c1b9e234-d848-4bcc-a37b-d974b1e77844', 'Rinologia', TRUE, TIMESTAMPTZ '2025-05-01T13:25:30.192877Z', '9e9e2a25-6838-4f66-a603-9df3a4d918fd');

INSERT INTO public.sub_specialties ("Id", name, active, created_at, specialty_id)
VALUES ('25f7115d-65ea-4cda-9865-1c696959667b', 'Otoneurologia', TRUE, TIMESTAMPTZ '2025-05-01T13:25:30.192878Z', '9e9e2a25-6838-4f66-a603-9df3a4d918fd');

INSERT INTO public.sub_specialties ("Id", name, active, created_at, specialty_id)
VALUES ('61226b1f-1669-4a95-821b-5660a8a3b790', 'Cirurgia de Cabeça e Pescoço', TRUE, TIMESTAMPTZ '2025-05-01T13:25:30.192878Z', '9e9e2a25-6838-4f66-a603-9df3a4d918fd');

INSERT INTO public.specialties ("Id", name, active, created_at, profession_id)
VALUES ('1494c41d-5a6d-43bf-b033-c417488bccde', 'Urologista', TRUE, TIMESTAMPTZ '2025-05-01T13:25:30.192878Z', 'a7d88bb0-a673-40cc-a987-1ff69057e11d');

INSERT INTO public.sub_specialties ("Id", name, active, created_at, specialty_id)
VALUES ('bddbed3d-b9a8-40bf-9e11-d6a8dae7b563', 'Urologia Pediátrica', TRUE, TIMESTAMPTZ '2025-05-01T13:25:30.192879Z', '1494c41d-5a6d-43bf-b033-c417488bccde');

INSERT INTO public.sub_specialties ("Id", name, active, created_at, specialty_id)
VALUES ('ffa1123d-e3ae-44ec-935f-39a6a9bab0c8', 'Andrologia', TRUE, TIMESTAMPTZ '2025-05-01T13:25:30.192879Z', '1494c41d-5a6d-43bf-b033-c417488bccde');

INSERT INTO public.sub_specialties ("Id", name, active, created_at, specialty_id)
VALUES ('0c683c65-f50f-4089-8ef4-1890586dbd5d', 'Oncologia Urológica', TRUE, TIMESTAMPTZ '2025-05-01T13:25:30.192883Z', '1494c41d-5a6d-43bf-b033-c417488bccde');

INSERT INTO public.specialties ("Id", name, active, created_at, profession_id)
VALUES ('607ed1d1-0dda-410d-bfd2-95afbaf08410', 'Nefrologista', TRUE, TIMESTAMPTZ '2025-05-01T13:25:30.192883Z', 'a7d88bb0-a673-40cc-a987-1ff69057e11d');

INSERT INTO public.sub_specialties ("Id", name, active, created_at, specialty_id)
VALUES ('28ab3122-af0f-4ec3-98e4-8ed4a95b2837', 'Nefropediatria', TRUE, TIMESTAMPTZ '2025-05-01T13:25:30.192884Z', '607ed1d1-0dda-410d-bfd2-95afbaf08410');

INSERT INTO public.sub_specialties ("Id", name, active, created_at, specialty_id)
VALUES ('94bdafc1-aa71-4720-b9b1-19f3d3cdd7af', 'Hemodiálise', TRUE, TIMESTAMPTZ '2025-05-01T13:25:30.192884Z', '607ed1d1-0dda-410d-bfd2-95afbaf08410');

INSERT INTO public.sub_specialties ("Id", name, active, created_at, specialty_id)
VALUES ('9ebfa4ce-c3cd-4ff9-b7fc-d43b6352745d', 'Transplante Renal', TRUE, TIMESTAMPTZ '2025-05-01T13:25:30.192884Z', '607ed1d1-0dda-410d-bfd2-95afbaf08410');

INSERT INTO public.specialties ("Id", name, active, created_at, profession_id)
VALUES ('22ee59aa-0981-44a4-9c74-a8f5021360ec', 'Pneumologista', TRUE, TIMESTAMPTZ '2025-05-01T13:25:30.192884Z', 'a7d88bb0-a673-40cc-a987-1ff69057e11d');

INSERT INTO public.sub_specialties ("Id", name, active, created_at, specialty_id)
VALUES ('23f41ba6-243e-41dd-88c1-3ba33718c886', 'Pneumologia Pediátrica', TRUE, TIMESTAMPTZ '2025-05-01T13:25:30.192885Z', '22ee59aa-0981-44a4-9c74-a8f5021360ec');

INSERT INTO public.sub_specialties ("Id", name, active, created_at, specialty_id)
VALUES ('75da298c-850b-49bd-9f1d-674dc3489bb6', 'Sono', TRUE, TIMESTAMPTZ '2025-05-01T13:25:30.192885Z', '22ee59aa-0981-44a4-9c74-a8f5021360ec');

INSERT INTO public.sub_specialties ("Id", name, active, created_at, specialty_id)
VALUES ('644a2506-2168-473b-9081-a267b0e01b06', 'DPOC', TRUE, TIMESTAMPTZ '2025-05-01T13:25:30.192885Z', '22ee59aa-0981-44a4-9c74-a8f5021360ec');

INSERT INTO public.specialties ("Id", name, active, created_at, profession_id)
VALUES ('d4f5bfc2-4773-41cb-8628-c37caef05b4e', 'Reumatologista', TRUE, TIMESTAMPTZ '2025-05-01T13:25:30.192885Z', 'a7d88bb0-a673-40cc-a987-1ff69057e11d');

INSERT INTO public.sub_specialties ("Id", name, active, created_at, specialty_id)
VALUES ('e2829481-5a60-4a65-9774-1e99da2051bb', 'Reumatologia Pediátrica', TRUE, TIMESTAMPTZ '2025-05-01T13:25:30.192886Z', 'd4f5bfc2-4773-41cb-8628-c37caef05b4e');

INSERT INTO public.sub_specialties ("Id", name, active, created_at, specialty_id)
VALUES ('1dd342f8-aa80-42d4-bda3-7aede2760c42', 'Doenças Autoimunes', TRUE, TIMESTAMPTZ '2025-05-01T13:25:30.192886Z', 'd4f5bfc2-4773-41cb-8628-c37caef05b4e');

INSERT INTO public.sub_specialties ("Id", name, active, created_at, specialty_id)
VALUES ('d788d233-8fb7-4847-b1e2-05e87414a8ee', 'Osteoporose', TRUE, TIMESTAMPTZ '2025-05-01T13:25:30.192887Z', 'd4f5bfc2-4773-41cb-8628-c37caef05b4e');

INSERT INTO public.specialties ("Id", name, active, created_at, profession_id)
VALUES ('9a2aa956-f9b3-45d8-96a7-b3b917cdc872', 'Geriatra', TRUE, TIMESTAMPTZ '2025-05-01T13:25:30.192887Z', 'a7d88bb0-a673-40cc-a987-1ff69057e11d');

INSERT INTO public.sub_specialties ("Id", name, active, created_at, specialty_id)
VALUES ('397cbb97-7051-4820-8749-85a67837a97e', 'Cuidados Paliativos', TRUE, TIMESTAMPTZ '2025-05-01T13:25:30.192887Z', '9a2aa956-f9b3-45d8-96a7-b3b917cdc872');

INSERT INTO public.sub_specialties ("Id", name, active, created_at, specialty_id)
VALUES ('a4c4001b-0cbd-49e0-9b59-1ebde9371bfa', 'Neurogeriatria', TRUE, TIMESTAMPTZ '2025-05-01T13:25:30.192887Z', '9a2aa956-f9b3-45d8-96a7-b3b917cdc872');

INSERT INTO public.sub_specialties ("Id", name, active, created_at, specialty_id)
VALUES ('c863fc98-9524-4874-8187-2f2806a2931c', 'Avaliação Multidimensional', TRUE, TIMESTAMPTZ '2025-05-01T13:25:30.192891Z', '9a2aa956-f9b3-45d8-96a7-b3b917cdc872');

INSERT INTO public.specialties ("Id", name, active, created_at, profession_id)
VALUES ('24ddb66e-b3de-4a8b-84dc-7bfe23334874', 'Gastroenterologista', TRUE, TIMESTAMPTZ '2025-05-01T13:25:30.192891Z', 'a7d88bb0-a673-40cc-a987-1ff69057e11d');

INSERT INTO public.sub_specialties ("Id", name, active, created_at, specialty_id)
VALUES ('e5e6c405-5c01-4406-8f37-5c2a6441c5c4', 'Hepatologia', TRUE, TIMESTAMPTZ '2025-05-01T13:25:30.192892Z', '24ddb66e-b3de-4a8b-84dc-7bfe23334874');

INSERT INTO public.sub_specialties ("Id", name, active, created_at, specialty_id)
VALUES ('25d87f45-5f27-447b-b4b5-e224b8da4a2e', 'Endoscopia Digestiva', TRUE, TIMESTAMPTZ '2025-05-01T13:25:30.192892Z', '24ddb66e-b3de-4a8b-84dc-7bfe23334874');

INSERT INTO public.sub_specialties ("Id", name, active, created_at, specialty_id)
VALUES ('98ef6fcb-8e0b-485f-b07f-969b0a24160e', 'Gastroenterologia Pediátrica', TRUE, TIMESTAMPTZ '2025-05-01T13:25:30.192892Z', '24ddb66e-b3de-4a8b-84dc-7bfe23334874');

INSERT INTO public.professions ("Id", name, active, created_at)
VALUES ('95501d47-8996-44d5-adbe-6f1f2d16249a', 'Enfermeiro', TRUE, TIMESTAMPTZ '2025-05-01T13:25:30.192893Z');

INSERT INTO public.specialties ("Id", name, active, created_at, profession_id)
VALUES ('f7c195e5-de59-4c8a-a98c-0cc3d8407c51', 'Enfermeiro', TRUE, TIMESTAMPTZ '2025-05-01T13:25:30.192893Z', '95501d47-8996-44d5-adbe-6f1f2d16249a');

INSERT INTO public.sub_specialties ("Id", name, active, created_at, specialty_id)
VALUES ('e564a7b0-1556-4f8b-af7a-095e1ae707d7', 'Obstétrica', TRUE, TIMESTAMPTZ '2025-05-01T13:25:30.192894Z', 'f7c195e5-de59-4c8a-a98c-0cc3d8407c51');

INSERT INTO public.sub_specialties ("Id", name, active, created_at, specialty_id)
VALUES ('e7ff35af-c919-4c56-8f7a-b168f3ff0f4f', 'Pediátrica', TRUE, TIMESTAMPTZ '2025-05-01T13:25:30.192894Z', 'f7c195e5-de59-4c8a-a98c-0cc3d8407c51');

INSERT INTO public.sub_specialties ("Id", name, active, created_at, specialty_id)
VALUES ('bf92c87a-1430-408d-a2ac-0d9bc9fbb042', 'Geriátrica', TRUE, TIMESTAMPTZ '2025-05-01T13:25:30.192894Z', 'f7c195e5-de59-4c8a-a98c-0cc3d8407c51');

INSERT INTO public.sub_specialties ("Id", name, active, created_at, specialty_id)
VALUES ('902bf238-d165-44ba-a63f-734d019754b1', 'UTI', TRUE, TIMESTAMPTZ '2025-05-01T13:25:30.192895Z', 'f7c195e5-de59-4c8a-a98c-0cc3d8407c51');

INSERT INTO public.professions ("Id", name, active, created_at)
VALUES ('a279fca3-5800-4462-b81c-d24312717ae4', 'Técnico de Enfermagem', TRUE, TIMESTAMPTZ '2025-05-01T13:25:30.192895Z');

INSERT INTO public.specialties ("Id", name, active, created_at, profession_id)
VALUES ('d94f08d1-27f1-407a-b5b4-6b7279c93bca', 'Técnico de Enfermagem', TRUE, TIMESTAMPTZ '2025-05-01T13:25:30.192895Z', 'a279fca3-5800-4462-b81c-d24312717ae4');

INSERT INTO public.sub_specialties ("Id", name, active, created_at, specialty_id)
VALUES ('9be70a31-79a1-4581-a618-ccd7ed991f39', 'Centro Cirúrgico', TRUE, TIMESTAMPTZ '2025-05-01T13:25:30.192895Z', 'd94f08d1-27f1-407a-b5b4-6b7279c93bca');

INSERT INTO public.sub_specialties ("Id", name, active, created_at, specialty_id)
VALUES ('25708d6c-98f5-4d59-a4a0-af71a2f7ae6a', 'UTI', TRUE, TIMESTAMPTZ '2025-05-01T13:25:30.192896Z', 'd94f08d1-27f1-407a-b5b4-6b7279c93bca');

INSERT INTO public.sub_specialties ("Id", name, active, created_at, specialty_id)
VALUES ('757e3ac7-73e2-446c-9e86-46a3e1971f22', 'Domiciliar', TRUE, TIMESTAMPTZ '2025-05-01T13:25:30.192896Z', 'd94f08d1-27f1-407a-b5b4-6b7279c93bca');

INSERT INTO public.professions ("Id", name, active, created_at)
VALUES ('3fb28ce8-333c-4970-9ded-00c104191fcf', 'Nutricionista', TRUE, TIMESTAMPTZ '2025-05-01T13:25:30.192896Z');

INSERT INTO public.specialties ("Id", name, active, created_at, profession_id)
VALUES ('3ca30127-be7e-42e0-9cd2-ca124143625c', 'Nutricionista', TRUE, TIMESTAMPTZ '2025-05-01T13:25:30.192897Z', '3fb28ce8-333c-4970-9ded-00c104191fcf');

INSERT INTO public.sub_specialties ("Id", name, active, created_at, specialty_id)
VALUES ('a2103401-288c-4fed-9982-8f092b769952', 'Esportiva', TRUE, TIMESTAMPTZ '2025-05-01T13:25:30.192897Z', '3ca30127-be7e-42e0-9cd2-ca124143625c');

INSERT INTO public.sub_specialties ("Id", name, active, created_at, specialty_id)
VALUES ('2097f671-3c19-4db1-bd95-7de9fd249598', 'Clínica', TRUE, TIMESTAMPTZ '2025-05-01T13:25:30.192897Z', '3ca30127-be7e-42e0-9cd2-ca124143625c');

INSERT INTO public.sub_specialties ("Id", name, active, created_at, specialty_id)
VALUES ('0da10c88-3022-4ae7-8f72-2b49d1201a48', 'Infantil', TRUE, TIMESTAMPTZ '2025-05-01T13:25:30.192901Z', '3ca30127-be7e-42e0-9cd2-ca124143625c');

INSERT INTO public.sub_specialties ("Id", name, active, created_at, specialty_id)
VALUES ('4e148ab6-d498-44d2-b21c-6045a825b688', 'Funcional', TRUE, TIMESTAMPTZ '2025-05-01T13:25:30.192901Z', '3ca30127-be7e-42e0-9cd2-ca124143625c');

INSERT INTO public.professions ("Id", name, active, created_at)
VALUES ('f1d96e2c-2299-41f2-8af0-5918e0751fc3', 'Psicólogo', TRUE, TIMESTAMPTZ '2025-05-01T13:25:30.192901Z');

INSERT INTO public.specialties ("Id", name, active, created_at, profession_id)
VALUES ('f7c004e8-d60d-4615-9b78-c45adcb55b30', 'Psicólogo', TRUE, TIMESTAMPTZ '2025-05-01T13:25:30.192902Z', 'f1d96e2c-2299-41f2-8af0-5918e0751fc3');

INSERT INTO public.sub_specialties ("Id", name, active, created_at, specialty_id)
VALUES ('654d32f2-5ae1-4787-b516-c02c6ad787e5', 'Clínica', TRUE, TIMESTAMPTZ '2025-05-01T13:25:30.192902Z', 'f7c004e8-d60d-4615-9b78-c45adcb55b30');

INSERT INTO public.sub_specialties ("Id", name, active, created_at, specialty_id)
VALUES ('6126b0f3-41f2-4e30-a006-e0064c324cc3', 'Organizacional', TRUE, TIMESTAMPTZ '2025-05-01T13:25:30.192902Z', 'f7c004e8-d60d-4615-9b78-c45adcb55b30');

INSERT INTO public.sub_specialties ("Id", name, active, created_at, specialty_id)
VALUES ('96758cbb-5ebc-4dc5-9cfb-39e89f7b33f2', 'Neuropsicologia', TRUE, TIMESTAMPTZ '2025-05-01T13:25:30.192903Z', 'f7c004e8-d60d-4615-9b78-c45adcb55b30');

INSERT INTO public.sub_specialties ("Id", name, active, created_at, specialty_id)
VALUES ('dd63428b-8eb3-4d4e-959b-d43203a81beb', 'Psicopedagogia', TRUE, TIMESTAMPTZ '2025-05-01T13:25:30.192903Z', 'f7c004e8-d60d-4615-9b78-c45adcb55b30');

INSERT INTO public.professions ("Id", name, active, created_at)
VALUES ('95d808da-9f44-4318-94ec-b7fa1bc1f85d', 'Fisioterapeuta', TRUE, TIMESTAMPTZ '2025-05-01T13:25:30.192903Z');

INSERT INTO public.specialties ("Id", name, active, created_at, profession_id)
VALUES ('7be98786-d3ff-4d7e-b189-c87e9fadbca4', 'Fisioterapeuta', TRUE, TIMESTAMPTZ '2025-05-01T13:25:30.192904Z', '95d808da-9f44-4318-94ec-b7fa1bc1f85d');

INSERT INTO public.sub_specialties ("Id", name, active, created_at, specialty_id)
VALUES ('7c6874dd-f958-40bb-9464-e0e2b71e7f4f', 'Respiratória', TRUE, TIMESTAMPTZ '2025-05-01T13:25:30.192904Z', '7be98786-d3ff-4d7e-b189-c87e9fadbca4');

INSERT INTO public.sub_specialties ("Id", name, active, created_at, specialty_id)
VALUES ('cdd0ccd4-9af1-4a8c-9456-324ce0ce1c59', 'Ortopédica', TRUE, TIMESTAMPTZ '2025-05-01T13:25:30.192904Z', '7be98786-d3ff-4d7e-b189-c87e9fadbca4');

INSERT INTO public.sub_specialties ("Id", name, active, created_at, specialty_id)
VALUES ('17bb37f6-689c-4299-bfff-c8648c153199', 'Neurológica', TRUE, TIMESTAMPTZ '2025-05-01T13:25:30.192904Z', '7be98786-d3ff-4d7e-b189-c87e9fadbca4');

INSERT INTO public.sub_specialties ("Id", name, active, created_at, specialty_id)
VALUES ('9ed357bd-f84a-415e-bf39-4a17fa3fdd47', 'Pélvica', TRUE, TIMESTAMPTZ '2025-05-01T13:25:30.192905Z', '7be98786-d3ff-4d7e-b189-c87e9fadbca4');

INSERT INTO public.professions ("Id", name, active, created_at)
VALUES ('510fed70-aae0-49e6-8a16-883d02947022', 'Terapeuta Ocupacional', TRUE, TIMESTAMPTZ '2025-05-01T13:25:30.192905Z');

INSERT INTO public.specialties ("Id", name, active, created_at, profession_id)
VALUES ('cb3ac893-f54b-4cf6-b9fc-f6f61252faf2', 'Terapeuta Ocupacional', TRUE, TIMESTAMPTZ '2025-05-01T13:25:30.192905Z', '510fed70-aae0-49e6-8a16-883d02947022');

INSERT INTO public.sub_specialties ("Id", name, active, created_at, specialty_id)
VALUES ('2eb8f91f-a7d8-49a6-b98f-ab396b66aa06', 'Saúde Mental', TRUE, TIMESTAMPTZ '2025-05-01T13:25:30.192906Z', 'cb3ac893-f54b-4cf6-b9fc-f6f61252faf2');

INSERT INTO public.sub_specialties ("Id", name, active, created_at, specialty_id)
VALUES ('557e3936-c04f-442e-9e63-53f0835dd53c', 'Reabilitação Física', TRUE, TIMESTAMPTZ '2025-05-01T13:25:30.192906Z', 'cb3ac893-f54b-4cf6-b9fc-f6f61252faf2');

INSERT INTO public.sub_specialties ("Id", name, active, created_at, specialty_id)
VALUES ('9aad5bdd-3e15-4cc3-9a70-549817a08c73', 'Pediatria', TRUE, TIMESTAMPTZ '2025-05-01T13:25:30.192906Z', 'cb3ac893-f54b-4cf6-b9fc-f6f61252faf2');

INSERT INTO public.sub_specialties ("Id", name, active, created_at, specialty_id)
VALUES ('b5fbf417-7c01-484d-aeff-394ef03e47dd', 'Gerontologia', TRUE, TIMESTAMPTZ '2025-05-01T13:25:30.192906Z', 'cb3ac893-f54b-4cf6-b9fc-f6f61252faf2');

INSERT INTO public.professions ("Id", name, active, created_at)
VALUES ('ab6d1f2d-48e0-4db7-abf6-73c069ed72d2', 'Fonoaudiólogo', TRUE, TIMESTAMPTZ '2025-05-01T13:25:30.19291Z');

INSERT INTO public.specialties ("Id", name, active, created_at, profession_id)
VALUES ('c628404b-b8c5-4015-98a0-162e84c020c1', 'Fonoaudiólogo', TRUE, TIMESTAMPTZ '2025-05-01T13:25:30.19291Z', 'ab6d1f2d-48e0-4db7-abf6-73c069ed72d2');

INSERT INTO public.sub_specialties ("Id", name, active, created_at, specialty_id)
VALUES ('bb0fc3e8-4588-44ee-b897-a845ea49f752', 'Linguagem', TRUE, TIMESTAMPTZ '2025-05-01T13:25:30.192911Z', 'c628404b-b8c5-4015-98a0-162e84c020c1');

INSERT INTO public.sub_specialties ("Id", name, active, created_at, specialty_id)
VALUES ('9bace4cc-bf65-4cdf-ae5f-6e1868734657', 'Motricidade Orofacial', TRUE, TIMESTAMPTZ '2025-05-01T13:25:30.192911Z', 'c628404b-b8c5-4015-98a0-162e84c020c1');

INSERT INTO public.sub_specialties ("Id", name, active, created_at, specialty_id)
VALUES ('b02bd892-5e85-40c5-8b64-c8000a69d613', 'Voz', TRUE, TIMESTAMPTZ '2025-05-01T13:25:30.192911Z', 'c628404b-b8c5-4015-98a0-162e84c020c1');

INSERT INTO public.sub_specialties ("Id", name, active, created_at, specialty_id)
VALUES ('ba06c6db-4fa7-4e3f-965f-fcb75ad5cbe8', 'Audiologia', TRUE, TIMESTAMPTZ '2025-05-01T13:25:30.192912Z', 'c628404b-b8c5-4015-98a0-162e84c020c1');

INSERT INTO public.professions ("Id", name, active, created_at)
VALUES ('d7c84de2-24af-4fb8-a0a7-37fa97413037', 'Biomédico', TRUE, TIMESTAMPTZ '2025-05-01T13:25:30.192912Z');

INSERT INTO public.specialties ("Id", name, active, created_at, profession_id)
VALUES ('57014d14-ec62-4a04-bc13-a628069501a2', 'Biomédico', TRUE, TIMESTAMPTZ '2025-05-01T13:25:30.192912Z', 'd7c84de2-24af-4fb8-a0a7-37fa97413037');

INSERT INTO public.sub_specialties ("Id", name, active, created_at, specialty_id)
VALUES ('f117a81a-1312-4dcf-938b-1d238d7081e8', 'Estética', TRUE, TIMESTAMPTZ '2025-05-01T13:25:30.192913Z', '57014d14-ec62-4a04-bc13-a628069501a2');

INSERT INTO public.sub_specialties ("Id", name, active, created_at, specialty_id)
VALUES ('72116a86-0b1d-446e-8363-da91b2b53a36', 'Análises Clínicas', TRUE, TIMESTAMPTZ '2025-05-01T13:25:30.192913Z', '57014d14-ec62-4a04-bc13-a628069501a2');

INSERT INTO public.sub_specialties ("Id", name, active, created_at, specialty_id)
VALUES ('5bf28018-0efd-47a4-85a5-80b81ac1f56f', 'Imagenologia', TRUE, TIMESTAMPTZ '2025-05-01T13:25:30.192913Z', '57014d14-ec62-4a04-bc13-a628069501a2');

INSERT INTO public.sub_specialties ("Id", name, active, created_at, specialty_id)
VALUES ('aa928929-8ba2-4988-880c-9e450c328285', 'Genética', TRUE, TIMESTAMPTZ '2025-05-01T13:25:30.192913Z', '57014d14-ec62-4a04-bc13-a628069501a2');

INSERT INTO public.professions ("Id", name, active, created_at)
VALUES ('82a3c13c-6f0e-4af6-baec-82edcfaeb82b', 'Dentista', TRUE, TIMESTAMPTZ '2025-05-01T13:25:30.192914Z');

INSERT INTO public.specialties ("Id", name, active, created_at, profession_id)
VALUES ('c7821842-bd0d-4dd4-931c-18fcde44b736', 'Dentista', TRUE, TIMESTAMPTZ '2025-05-01T13:25:30.192914Z', '82a3c13c-6f0e-4af6-baec-82edcfaeb82b');

INSERT INTO public.sub_specialties ("Id", name, active, created_at, specialty_id)
VALUES ('0b1f707a-3a91-44d6-a94f-2c66b1b86d08', 'Ortodontia', TRUE, TIMESTAMPTZ '2025-05-01T13:25:30.192914Z', 'c7821842-bd0d-4dd4-931c-18fcde44b736');

INSERT INTO public.sub_specialties ("Id", name, active, created_at, specialty_id)
VALUES ('ab297229-f334-466e-a3d8-18b9962b80ad', 'Endodontia', TRUE, TIMESTAMPTZ '2025-05-01T13:25:30.192914Z', 'c7821842-bd0d-4dd4-931c-18fcde44b736');

INSERT INTO public.sub_specialties ("Id", name, active, created_at, specialty_id)
VALUES ('b223accf-7232-47cb-b637-9d75a4760852', 'Implantodontia', TRUE, TIMESTAMPTZ '2025-05-01T13:25:30.192915Z', 'c7821842-bd0d-4dd4-931c-18fcde44b736');

INSERT INTO public.sub_specialties ("Id", name, active, created_at, specialty_id)
VALUES ('ed6a0d08-0644-46d4-8d2d-252dd44a198f', 'Odontopediatria', TRUE, TIMESTAMPTZ '2025-05-01T13:25:30.192915Z', 'c7821842-bd0d-4dd4-931c-18fcde44b736');

INSERT INTO public.professions ("Id", name, active, created_at)
VALUES ('9f87c71e-9621-41fd-b226-13e93c9f43ec', 'Acupunturista', TRUE, TIMESTAMPTZ '2025-05-01T13:25:30.192915Z');

INSERT INTO public.specialties ("Id", name, active, created_at, profession_id)
VALUES ('763c9564-61e1-4a6c-a769-3208b74c1963', 'Acupunturista', TRUE, TIMESTAMPTZ '2025-05-01T13:25:30.19292Z', '9f87c71e-9621-41fd-b226-13e93c9f43ec');

INSERT INTO public.sub_specialties ("Id", name, active, created_at, specialty_id)
VALUES ('e2637702-1a58-4d41-9f52-36f13c911431', 'Dor Crônica', TRUE, TIMESTAMPTZ '2025-05-01T13:25:30.19292Z', '763c9564-61e1-4a6c-a769-3208b74c1963');

INSERT INTO public.sub_specialties ("Id", name, active, created_at, specialty_id)
VALUES ('2f409d36-b2c1-43d3-8042-cc62abd2ec24', 'Estética', TRUE, TIMESTAMPTZ '2025-05-01T13:25:30.19292Z', '763c9564-61e1-4a6c-a769-3208b74c1963');

INSERT INTO public.sub_specialties ("Id", name, active, created_at, specialty_id)
VALUES ('673555dd-10a2-4b71-b023-16e1d43cd014', 'Ansiedade', TRUE, TIMESTAMPTZ '2025-05-01T13:25:30.192921Z', '763c9564-61e1-4a6c-a769-3208b74c1963');

INSERT INTO public.professions ("Id", name, active, created_at)
VALUES ('60e0c295-f5d2-4d02-b137-573ee9b8c183', 'Quiropraxista', TRUE, TIMESTAMPTZ '2025-05-01T13:25:30.192921Z');

INSERT INTO public.specialties ("Id", name, active, created_at, profession_id)
VALUES ('010c9d5f-744a-4be6-8fbf-f26801998491', 'Quiropraxista', TRUE, TIMESTAMPTZ '2025-05-01T13:25:30.192922Z', '60e0c295-f5d2-4d02-b137-573ee9b8c183');

INSERT INTO public.sub_specialties ("Id", name, active, created_at, specialty_id)
VALUES ('73f1a798-0fe7-4c7e-a886-b90f1218d9cb', 'Coluna Vertebral', TRUE, TIMESTAMPTZ '2025-05-01T13:25:30.192922Z', '010c9d5f-744a-4be6-8fbf-f26801998491');

INSERT INTO public.sub_specialties ("Id", name, active, created_at, specialty_id)
VALUES ('11c70613-8c7f-425e-8994-246fe231c2fa', 'Desportiva', TRUE, TIMESTAMPTZ '2025-05-01T13:25:30.192922Z', '010c9d5f-744a-4be6-8fbf-f26801998491');

INSERT INTO public.sub_specialties ("Id", name, active, created_at, specialty_id)
VALUES ('66beca91-fd6c-49ab-bbe7-2fb7fc2aa30f', 'Reabilitação Funcional', TRUE, TIMESTAMPTZ '2025-05-01T13:25:30.192923Z', '010c9d5f-744a-4be6-8fbf-f26801998491');

INSERT INTO public.professions ("Id", name, active, created_at)
VALUES ('771e021e-5f92-4439-b3d7-36875848e4e1', 'Outros', TRUE, TIMESTAMPTZ '2025-05-01T13:25:30.192923Z');

INSERT INTO public.specialties ("Id", name, active, created_at, profession_id)
VALUES ('9c5a8ab0-e614-4739-b6e9-ac1db6c5946f', 'Outros', TRUE, TIMESTAMPTZ '2025-05-01T13:25:30.192923Z', '771e021e-5f92-4439-b3d7-36875848e4e1');

INSERT INTO public.sub_specialties ("Id", name, active, created_at, specialty_id)
VALUES ('284f5f0b-4303-420b-bdc8-9396b342a082', 'Outros', TRUE, TIMESTAMPTZ '2025-05-01T13:25:30.192924Z', '9c5a8ab0-e614-4739-b6e9-ac1db6c5946f');

INSERT INTO "__EFMigrationsHistory" ("MigrationId", "ProductVersion")
VALUES ('20250429125832_SeedProfessions', '8.0.15');

COMMIT;

